<?xml version="1.0" encoding="utf-8"?>
<!--Created using XmlSitemapGenerator.org - Free HTML, RSS and XML sitemap generator-->
<rss version="2.0">
  <channel>
    <title>Główny Komisartiat Policji w Kaliszu </title>
    <link>http://albud-zbrojenie.pl</link>
    <description />
    <item>
      <guid>http://albud-zbrojenie.pl</guid>
      <title>Główny Komisartiat Policji w Kaliszu </title>
      <link>http://albud-zbrojenie.pl</link>
      <description>Al-Bud - montaż zbrojenia</description>
    </item>
    <item>
      <guid>http://albud-zbrojenie.pl/referencje/stalBud.pdf</guid>
      <title>stalBud.pdf</title>
      <link>http://albud-zbrojenie.pl/referencje/stalBud.pdf</link>
      <description />
      <pubDate>Mon, 16 Nov 2020 06:26:00 Z</pubDate>
    </item>
    <item>
      <guid>http://albud-zbrojenie.pl/img/realizacje/siechenicce/fot10.webp</guid>
      <title>fot10.webp</title>
      <link>http://albud-zbrojenie.pl/img/realizacje/siechenicce/fot10.webp</link>
      <description />
      <pubDate>Mon, 16 Nov 2020 07:04:00 Z</pubDate>
    </item>
    <item>
      <guid>http://albud-zbrojenie.pl/index.html</guid>
      <title>Główny Komisartiat Policji w Kaliszu </title>
      <link>http://albud-zbrojenie.pl/index.html</link>
      <description>Al-Bud - montaż zbrojenia</description>
    </item>
    <item>
      <guid>http://albud-zbrojenie.pl/img/realizacje/siechenicce/fot.10%20b.webp</guid>
      <title>fot.10 b.webp</title>
      <link>http://albud-zbrojenie.pl/img/realizacje/siechenicce/fot.10%20b.webp</link>
      <description />
      <pubDate>Mon, 16 Nov 2020 07:04:00 Z</pubDate>
    </item>
    <item>
      <guid>http://albud-zbrojenie.pl/img/realizacje/siechenicce/fot.%2010c.webp</guid>
      <title>fot. 10c.webp</title>
      <link>http://albud-zbrojenie.pl/img/realizacje/siechenicce/fot.%2010c.webp</link>
      <description />
      <pubDate>Mon, 16 Nov 2020 07:04:00 Z</pubDate>
    </item>
    <item>
      <guid>http://albud-zbrojenie.pl/img/realizacje/siechenicce/fot.10%20a.webp</guid>
      <title>fot.10 a.webp</title>
      <link>http://albud-zbrojenie.pl/img/realizacje/siechenicce/fot.10%20a.webp</link>
      <description />
      <pubDate>Mon, 16 Nov 2020 07:04:00 Z</pubDate>
    </item>
    <item>
      <guid>http://albud-zbrojenie.pl/img/realizacje/posadzki/fot.6.webp</guid>
      <title>fot.6.webp</title>
      <link>http://albud-zbrojenie.pl/img/realizacje/posadzki/fot.6.webp</link>
      <description />
      <pubDate>Mon, 16 Nov 2020 07:04:00 Z</pubDate>
    </item>
    <item>
      <guid>http://albud-zbrojenie.pl/img/realizacje/popowiceBudynekH/fot.%209a.webp</guid>
      <title>fot. 9a.webp</title>
      <link>http://albud-zbrojenie.pl/img/realizacje/popowiceBudynekH/fot.%209a.webp</link>
      <description />
      <pubDate>Mon, 16 Nov 2020 07:04:00 Z</pubDate>
    </item>
    <item>
      <guid>http://albud-zbrojenie.pl/img/realizacje/posadzki/fot.6a.webp</guid>
      <title>fot.6a.webp</title>
      <link>http://albud-zbrojenie.pl/img/realizacje/posadzki/fot.6a.webp</link>
      <description />
      <pubDate>Mon, 16 Nov 2020 07:04:00 Z</pubDate>
    </item>
    <item>
      <guid>http://albud-zbrojenie.pl/img/realizacje/garazPodziemny/6.webp</guid>
      <title>6.webp</title>
      <link>http://albud-zbrojenie.pl/img/realizacje/garazPodziemny/6.webp</link>
      <description />
      <pubDate>Mon, 16 Nov 2020 07:04:00 Z</pubDate>
    </item>
    <item>
      <guid>http://albud-zbrojenie.pl/img/realizacje/garazPodziemny/fot.%206a.webp</guid>
      <title>fot. 6a.webp</title>
      <link>http://albud-zbrojenie.pl/img/realizacje/garazPodziemny/fot.%206a.webp</link>
      <description />
      <pubDate>Mon, 16 Nov 2020 07:04:00 Z</pubDate>
    </item>
    <item>
      <guid>http://albud-zbrojenie.pl/img/realizacje/popowiceBudynekC/fot.%208b.webp</guid>
      <title>fot. 8b.webp</title>
      <link>http://albud-zbrojenie.pl/img/realizacje/popowiceBudynekC/fot.%208b.webp</link>
      <description />
      <pubDate>Mon, 16 Nov 2020 07:04:00 Z</pubDate>
    </item>
    <item>
      <guid>http://albud-zbrojenie.pl/img/realizacje/posadzki/fot.6%20b.webp</guid>
      <title>fot.6 b.webp</title>
      <link>http://albud-zbrojenie.pl/img/realizacje/posadzki/fot.6%20b.webp</link>
      <description />
      <pubDate>Mon, 16 Nov 2020 07:04:00 Z</pubDate>
    </item>
    <item>
      <guid>http://albud-zbrojenie.pl/img/realizacje/popowiceBudynekC/fot.8c.webp</guid>
      <title>fot.8c.webp</title>
      <link>http://albud-zbrojenie.pl/img/realizacje/popowiceBudynekC/fot.8c.webp</link>
      <description />
      <pubDate>Mon, 16 Nov 2020 07:04:00 Z</pubDate>
    </item>
    <item>
      <guid>http://albud-zbrojenie.pl/img/realizacje/popowiceBudynekC/fot.8a.webp</guid>
      <title>fot.8a.webp</title>
      <link>http://albud-zbrojenie.pl/img/realizacje/popowiceBudynekC/fot.8a.webp</link>
      <description />
      <pubDate>Mon, 16 Nov 2020 07:04:00 Z</pubDate>
    </item>
    <item>
      <guid>http://albud-zbrojenie.pl/img/realizacje/fortum/fot.%204%20a.webp</guid>
      <title>fot. 4 a.webp</title>
      <link>http://albud-zbrojenie.pl/img/realizacje/fortum/fot.%204%20a.webp</link>
      <description />
      <pubDate>Mon, 16 Nov 2020 07:04:00 Z</pubDate>
    </item>
    <item>
      <guid>http://albud-zbrojenie.pl/img/realizacje/fortum/fot.4.webp</guid>
      <title>fot.4.webp</title>
      <link>http://albud-zbrojenie.pl/img/realizacje/fortum/fot.4.webp</link>
      <description />
      <pubDate>Mon, 16 Nov 2020 07:04:00 Z</pubDate>
    </item>
    <item>
      <guid>http://albud-zbrojenie.pl/img/realizacje/popowiceBudynekC/fot.8.webp</guid>
      <title>fot.8.webp</title>
      <link>http://albud-zbrojenie.pl/img/realizacje/popowiceBudynekC/fot.8.webp</link>
      <description />
      <pubDate>Mon, 16 Nov 2020 07:04:00 Z</pubDate>
    </item>
    <item>
      <guid>http://albud-zbrojenie.pl/img/realizacje/ModernizacjaPodEstakade/fot.3.webp</guid>
      <title>fot.3.webp</title>
      <link>http://albud-zbrojenie.pl/img/realizacje/ModernizacjaPodEstakade/fot.3.webp</link>
      <description />
      <pubDate>Mon, 16 Nov 2020 07:04:00 Z</pubDate>
    </item>
    <item>
      <guid>http://albud-zbrojenie.pl/img/realizacje/ModernizacjaPodEstakade/fot.3%20a.webp</guid>
      <title>fot.3 a.webp</title>
      <link>http://albud-zbrojenie.pl/img/realizacje/ModernizacjaPodEstakade/fot.3%20a.webp</link>
      <description />
      <pubDate>Mon, 16 Nov 2020 07:04:00 Z</pubDate>
    </item>
    <item>
      <guid>http://albud-zbrojenie.pl/img/realizacje/KomisariatKalisz/fot-1-a.webp</guid>
      <title>fot-1-a.webp</title>
      <link>http://albud-zbrojenie.pl/img/realizacje/KomisariatKalisz/fot-1-a.webp</link>
      <description />
      <pubDate>Mon, 16 Nov 2020 07:04:00 Z</pubDate>
    </item>
    <item>
      <guid>http://albud-zbrojenie.pl/img/realizacje/bisnesGardenWroclaw/fot.2.webp</guid>
      <title>fot.2.webp</title>
      <link>http://albud-zbrojenie.pl/img/realizacje/bisnesGardenWroclaw/fot.2.webp</link>
      <description />
      <pubDate>Mon, 16 Nov 2020 07:04:00 Z</pubDate>
    </item>
    <item>
      <guid>http://albud-zbrojenie.pl/img/realizacje/fortum/fot.4%20b.webp</guid>
      <title>fot.4 b.webp</title>
      <link>http://albud-zbrojenie.pl/img/realizacje/fortum/fot.4%20b.webp</link>
      <description />
      <pubDate>Mon, 16 Nov 2020 07:04:00 Z</pubDate>
    </item>
    <item>
      <guid>http://albud-zbrojenie.pl/img/realizacje/popowiceBudynekH/fot.%209b.webp</guid>
      <title>fot. 9b.webp</title>
      <link>http://albud-zbrojenie.pl/img/realizacje/popowiceBudynekH/fot.%209b.webp</link>
      <description />
      <pubDate>Mon, 16 Nov 2020 07:04:00 Z</pubDate>
    </item>
    <item>
      <guid>http://albud-zbrojenie.pl/img/realizacje/KomisariatKalisz/fot1.webp</guid>
      <title>fot1.webp</title>
      <link>http://albud-zbrojenie.pl/img/realizacje/KomisariatKalisz/fot1.webp</link>
      <description />
      <pubDate>Mon, 16 Nov 2020 07:04:00 Z</pubDate>
    </item>
    <item>
      <guid>http://albud-zbrojenie.pl/img/realizacje/bisnesGardenWroclaw/fot.2%20a.webp</guid>
      <title>fot.2 a.webp</title>
      <link>http://albud-zbrojenie.pl/img/realizacje/bisnesGardenWroclaw/fot.2%20a.webp</link>
      <description />
      <pubDate>Mon, 16 Nov 2020 07:04:00 Z</pubDate>
    </item>
    <item>
      <guid>http://albud-zbrojenie.pl/img/realizacje/KomisariatKalisz/fot-1-b.webp</guid>
      <title>fot-1-b.webp</title>
      <link>http://albud-zbrojenie.pl/img/realizacje/KomisariatKalisz/fot-1-b.webp</link>
      <description />
      <pubDate>Mon, 16 Nov 2020 07:04:00 Z</pubDate>
    </item>
  </channel>
</rss>
<!--<guid value="e2e253a5-3289-44ba-9bcf-f8f9d5ddd058" />-->
<!--Created using XmlSitemapGenerator.org - Free HTML, RSS and XML sitemap generator-->